j	o	h	n	-	d	o	e	@	b	o	g	u	s	e	m	a	i	l	.	c	o	m
m	a	r	y	j	a	c	o	b	s	@	b	o	g	u	s	e	m	a	i	l	.	c	o	m
d	a	v	e	s	m	i	t	h	@	b	o	g	u	s	e	m	a	i	l	.	c	o	m
j	a	n	e	s	t	u	a	r	t	@	b	o	g	u	s	e	m	a	i	l	.	c	o	m
t	o	m	w	r	i	g	h	t	@	b	o	g	u	s	e	m	a	i	l	.	c	o	m
s	t	e	v	e	r	o	b	i	n	s	o	n	@	b	o	g	u	s	e	m	a	i	l	.	c	o	m
n	i	c	o	l	e	j	a	c	o	b	s	@	b	o	g	u	s	e	m	a	i	l	.	c	o	m
j	a	n	e	w	r	i	g	h	t	@	b	o	g	u	s	e	m	a	i	l	.	c	o	m
j	a	n	e	d	o	e	@	b	o	g	u	s	e	m	a	i	l	.	c	o	m
k	u	r	t	w	r	i	g	h	t	@	b	o	g	u	s	e	m	a	i	l	.	c	o	m
k	u	r	t	r	o	b	i	n	s	o	n	@	b	o	g	u	s	e	m	a	i	l	.	c	o	m
j	a	n	e	j	e	n	k	i	n	s	@	b	o	g	u	s	e	m	a	i	l	.	c	o	m
n	e	i	l	r	o	b	i	n	s	o	n	@	b	o	g	u	s	e	m	a	i	l	.	c	o	m
t	o	m	p	a	t	t	e	r	s	o	n	@	b	o	g	u	s	e	m	a	i	l	.	c	o	m
s	a	m	j	e	n	k	i	n	s	@	b	o	g	u	s	e	m	a	i	l	.	c	o	m
s	t	e	v	e	s	t	u	a	r	t	@	b	o	g	u	s	e	m	a	i	l	.	c	o	m
m	a	g	g	i	e	p	a	t	t	e	r	s	o	n	@	b	o	g	u	s	e	m	a	i	l	.	c	o	m
m	a	g	g	i	e	s	t	u	a	r	t	@	b	o	g	u	s	e	m	a	i	l	.	c	o	m
j	a	n	e	d	o	e	@	b	o	g	u	s	e	m	a	i	l	.	c	o	m
s	t	e	v	e	p	a	t	t	e	r	s	o	n	@	b	o	g	u	s	e	m	a	i	l	.	c	o	m
d	a	v	e	s	m	i	t	h	@	b	o	g	u	s	e	m	a	i	l	.	c	o	m
s	a	m	w	i	l	k	s	@	b	o	g	u	s	e	m	a	i	l	.	c	o	m
k	u	r	t	j	e	f	f	e	r	s	o	n	@	b	o	g	u	s	e	m	a	i	l	.	c	o	m
s	a	m	s	t	u	a	r	t	@	b	o	g	u	s	e	m	a	i	l	.	c	o	m
j	a	n	e	s	t	u	a	r	t	@	b	o	g	u	s	e	m	a	i	l	.	c	o	m
d	a	v	e	d	a	v	i	s	@	b	o	g	u	s	e	m	a	i	l	.	c	o	m
s	a	m	p	a	t	t	e	r	s	o	n	@	b	o	g	u	s	e	m	a	i	l	.	c	o	m
t	o	m	j	e	f	f	e	r	s	o	n	@	b	o	g	u	s	e	m	a	i	l	.	c	o	m
j	a	n	e	s	t	u	a	r	t	@	b	o	g	u	s	e	m	a	i	l	.	c	o	m
m	a	g	g	i	e	j	e	f	f	e	r	s	o	n	@	b	o	g	u	s	e	m	a	i	l	.	c	o	m
m	a	r	y	w	i	l	k	s	@	b	o	g	u	s	e	m	a	i	l	.	c	o	m
n	e	i	l	p	a	t	t	e	r	s	o	n	@	b	o	g	u	s	e	m	a	i	l	.	c	o	m
c	o	r	e	y	d	a	v	i	s	@	b	o	g	u	s	e	m	a	i	l	.	c	o	m
s	t	e	v	e	j	a	c	o	b	s	@	b	o	g	u	s	e	m	a	i	l	.	c	o	m
j	a	n	e	j	e	n	k	i	n	s	@	b	o	g	u	s	e	m	a	i	l	.	c	o	m
j	o	h	n	j	a	c	o	b	s	@	b	o	g	u	s	e	m	a	i	l	.	c	o	m
n	e	i	l	s	m	i	t	h	@	b	o	g	u	s	e	m	a	i	l	.	c	o	m
c	o	r	e	y	w	i	l	k	s	@	b	o	g	u	s	e	m	a	i	l	.	c	o	m
c	o	r	e	y	s	m	i	t	h	@	b	o	g	u	s	e	m	a	i	l	.	c	o	m
m	a	r	y	p	a	t	t	e	r	s	o	n	@	b	o	g	u	s	e	m	a	i	l	.	c	o	m
j	a	n	e	s	t	u	a	r	t	@	b	o	g	u	s	e	m	a	i	l	.	c	o	m
t	r	a	v	i	s	a	r	n	o	l	d	@	b	o	g	u	s	e	m	a	i	l	.	c	o	m
j	o	h	n	r	o	b	i	n	s	o	n	@	b	o	g	u	s	e	m	a	i	l	.	c	o	m
t	r	a	v	i	s	a	r	n	o	l	d	@	b	o	g	u	s	e	m	a	i	l	.	c	o	m
